{"stats":{"minecraft:used":{"minecraft:polished_deepslate":1,"minecraft:spruce_slab":18,"minecraft:poppy":1,"minecraft:ladder":5,"minecraft:chest":23,"minecraft:shield":61,"minecraft:iron_sword":733,"minecraft:bell":1,"minecraft:iron_chestplate":1,"minecraft:tuff":5,"minecraft:obsidian":15,"minecraft:spruce_boat":2,"minecraft:quartz_block":1,"minecraft:iron_helmet":1,"minecraft:bow":41,"minecraft:sweet_berries":53,"minecraft:furnace":11,"minecraft:potato":2,"minecraft:seagrass":2,"minecraft:sandstone":19,"minecraft:blue_bed":2,"minecraft:sugar_cane":51,"minecraft:white_wool":1,"minecraft:glow_berries":1,"minecraft:sand":9,"minecraft:loom":2,"minecraft:blast_furnace":1,"minecraft:bread":56,"minecraft:spore_blossom":1,"minecraft:gravel":2,"minecraft:diamond_sword":29,"minecraft:grindstone":1,"minecraft:experience_bottle":1,"minecraft:enchanting_table":1,"minecraft:armor_stand":3,"minecraft:cooked_chicken":1,"minecraft:netherrack":215,"minecraft:oak_door":2,"minecraft:torch":21,"minecraft:dirt":16,"minecraft:bookshelf":11,"minecraft:iron_axe":390,"minecraft:iron_boots":1,"minecraft:diamond_chestplate":1,"minecraft:basalt":33,"minecraft:cooked_beef":49,"minecraft:cobbled_deepslate":207,"minecraft:iron_leggings":1,"minecraft:wheat_seeds":370,"minecraft:cooked_mutton":5,"minecraft:sandstone_stairs":1,"minecraft:baked_potato":11,"minecraft:cartography_table":1,"minecraft:salmon":7,"minecraft:crafting_table":11,"minecraft:cod":5,"minecraft:spruce_log":9,"minecraft:diamond_pickaxe":1621,"minecraft:black_wool":1,"minecraft:iron_pickaxe":736,"minecraft:spruce_sapling":2,"minecraft:cobblestone":46,"minecraft:purple_bed":1,"minecraft:cooked_porkchop":9,"minecraft:porkchop":4,"minecraft:gray_wool":3},"minecraft:dropped":{"minecraft:iron_sword":4,"minecraft:lapis_lazuli":32,"minecraft:cooked_beef":3,"minecraft:glow_ink_sac":1,"minecraft:baked_potato":13,"minecraft:diamond":2,"minecraft:dirt":1,"minecraft:gold_nugget":9,"minecraft:iron_pickaxe":1,"minecraft:blackstone":1,"minecraft:sugar_cane":13,"minecraft:cooked_chicken":1,"minecraft:twisting_vines":2,"minecraft:wheat":2,"minecraft:rotten_flesh":2,"minecraft:cooked_mutton":2,"minecraft:quartz_block":22,"minecraft:spruce_slab":1,"minecraft:arrow":5,"minecraft:netherrack":64,"minecraft:water_bucket":1,"minecraft:bread":25,"minecraft:wheat_seeds":209,"minecraft:diamond_leggings":1,"minecraft:poisonous_potato":2,"minecraft:feather":3,"minecraft:iron_helmet":3,"minecraft:cobblestone":49,"minecraft:amethyst_block":8,"minecraft:granite":7,"minecraft:tropical_fish":1,"minecraft:stick":9,"minecraft:diorite":5,"minecraft:torch":34,"minecraft:diamond_helmet":1,"minecraft:iron_leggings":3,"minecraft:iron_axe":4,"minecraft:string":1,"minecraft:dandelion":1,"minecraft:light_gray_wool":1,"minecraft:iron_boots":3,"minecraft:flint_and_steel":1,"minecraft:potato":69,"minecraft:shield":1,"minecraft:diamond_chestplate":1,"minecraft:diamond_pickaxe":3,"minecraft:iron_chestplate":3,"minecraft:andesite":9,"minecraft:oak_sapling":1,"minecraft:golden_sword":4,"minecraft:spider_eye":1,"minecraft:diamond_boots":1,"minecraft:sandstone":2,"minecraft:bow":2,"minecraft:wooden_pickaxe":3},"minecraft:mined":{"minecraft:obsidian":4,"minecraft:cave_vines_plant":4,"minecraft:granite":9,"minecraft:budding_amethyst":13,"minecraft:grass_block":14,"minecraft:sandstone_stairs":3,"minecraft:magma_block":5,"minecraft:glowstone":24,"minecraft:fire":30,"minecraft:iron_ore":112,"minecraft:cobbled_deepslate":33,"minecraft:deepslate_lapis_ore":67,"minecraft:spruce_slab":7,"minecraft:deepslate_redstone_ore":199,"minecraft:quartz_block":4,"minecraft:blackstone":1,"minecraft:amethyst_cluster":4,"minecraft:clay":6,"minecraft:torch":3,"minecraft:blast_furnace":1,"minecraft:calcite":1,"minecraft:poppy":1,"minecraft:chest":7,"minecraft:nether_quartz_ore":73,"minecraft:cobblestone":10,"minecraft:grindstone":1,"minecraft:sugar_cane":93,"minecraft:bricks":1,"minecraft:wall_torch":10,"minecraft:amethyst_block":145,"minecraft:deepslate_copper_ore":2,"minecraft:warped_nylium":10,"minecraft:wheat":417,"minecraft:warped_fungus":5,"minecraft:grass":27,"minecraft:oak_log":4,"minecraft:loom":2,"minecraft:sand":8,"minecraft:dirt":8,"minecraft:netherrack":527,"minecraft:deepslate":356,"minecraft:nether_gold_ore":21,"minecraft:tuff":15,"minecraft:red_carpet":1,"minecraft:mossy_cobblestone":4,"minecraft:deepslate_diamond_ore":45,"minecraft:oak_door":1,"minecraft:ladder":1,"minecraft:jungle_planks":1,"minecraft:spruce_leaves":32,"minecraft:cartography_table":1,"minecraft:moss_block":3,"minecraft:large_fern":2,"minecraft:spore_blossom":1,"minecraft:redstone_ore":4,"minecraft:furnace":8,"minecraft:andesite":5,"minecraft:big_dripleaf_stem":1,"minecraft:bell":1,"minecraft:bookshelf":8,"minecraft:potatoes":89,"minecraft:shroomlight":1,"minecraft:deepslate_iron_ore":176,"minecraft:warped_stem":7,"minecraft:stone":97,"minecraft:white_wool":1,"minecraft:podzol":2,"minecraft:glass_pane":1,"minecraft:basalt":102,"minecraft:crafting_table":7,"minecraft:warped_roots":5,"minecraft:lectern":1,"minecraft:tall_grass":16,"minecraft:copper_ore":3,"minecraft:deepslate_gold_ore":97,"minecraft:lapis_ore":12,"minecraft:diorite":42,"minecraft:blue_bed":2,"minecraft:big_dripleaf":3,"minecraft:warped_wart_block":2,"minecraft:spruce_stairs":1,"minecraft:gray_wool":1,"minecraft:purple_bed":1,"minecraft:sweet_berry_bush":39,"minecraft:spruce_log":49,"minecraft:coal_ore":101,"minecraft:gravel":5,"minecraft:small_dripleaf":1,"minecraft:gold_ore":2,"minecraft:fern":3},"minecraft:broken":{"minecraft:iron_sword":2,"minecraft:iron_pickaxe":3,"minecraft:iron_helmet":1},"minecraft:custom":{"minecraft:interact_with_crafting_table":57,"minecraft:bell_ring":60,"minecraft:leave_game":9,"minecraft:time_since_death":266329,"minecraft:sprint_one_cm":2037997,"minecraft:damage_blocked_by_shield":1021,"minecraft:drop":177,"minecraft:talked_to_villager":1,"minecraft:play_time":455876,"minecraft:deaths":3,"minecraft:jump":9330,"minecraft:walk_on_water_one_cm":126436,"minecraft:enchant_item":9,"minecraft:interact_with_furnace":127,"minecraft:sleep_in_bed":10,"minecraft:damage_dealt":59685,"minecraft:player_kills":6,"minecraft:crouch_one_cm":115913,"minecraft:interact_with_smoker":52,"minecraft:mob_kills":395,"minecraft:interact_with_anvil":1,"minecraft:inspect_hopper":1,"minecraft:climb_one_cm":4534,"minecraft:walk_one_cm":860993,"minecraft:raid_win":1,"minecraft:sneak_time":41213,"minecraft:walk_under_water_one_cm":65551,"minecraft:boat_one_cm":276667,"minecraft:interact_with_blast_furnace":34,"minecraft:total_world_time":455876,"minecraft:interact_with_grindstone":2,"minecraft:time_since_rest":65301,"minecraft:damage_taken":7289,"minecraft:swim_one_cm":165149,"minecraft:fly_one_cm":1732967,"minecraft:open_chest":463,"minecraft:fall_one_cm":279431},"minecraft:crafted":{"minecraft:brick":17,"minecraft:oak_planks":16,"minecraft:cooked_chicken":1,"minecraft:bookshelf":11,"minecraft:cooked_mutton":9,"minecraft:quartz_block":23,"minecraft:diamond_leggings":2,"minecraft:diamond_helmet":2,"minecraft:bow":2,"minecraft:iron_boots":1,"minecraft:chest":16,"minecraft:cooked_porkchop":12,"minecraft:crafting_table":5,"minecraft:spruce_planks":264,"minecraft:baked_potato":19,"minecraft:iron_helmet":1,"minecraft:iron_chestplate":1,"minecraft:book":24,"minecraft:diamond_pickaxe":2,"minecraft:shield":1,"minecraft:stick":36,"minecraft:iron_ingot":88,"minecraft:iron_pickaxe":2,"minecraft:gold_ingot":7,"minecraft:oak_door":3,"minecraft:furnace":5,"minecraft:polished_deepslate":116,"minecraft:iron_axe":3,"minecraft:spruce_slab":6,"minecraft:diamond_boots":2,"minecraft:spruce_boat":2,"minecraft:redstone_block":111,"minecraft:cooked_beef":71,"minecraft:diamond_sword":1,"minecraft:iron_sword":5,"minecraft:cooked_salmon":1,"minecraft:glowstone":12,"minecraft:bread":139,"minecraft:air":0,"minecraft:iron_leggings":1,"minecraft:lapis_lazuli":63,"minecraft:lapis_block":71,"minecraft:diamond_chestplate":2},"minecraft:killed_by":{"minecraft:creeper":1,"minecraft:vindicator":1,"minecraft:player":1},"minecraft:killed":{"minecraft:zombified_piglin":9,"minecraft:witch":2,"minecraft:spider":12,"minecraft:cod":7,"minecraft:skeleton":37,"minecraft:chicken":10,"minecraft:axolotl":1,"minecraft:turtle":1,"minecraft:magma_cube":3,"minecraft:piglin":2,"minecraft:pig":36,"minecraft:zombie_villager":2,"minecraft:salmon":9,"minecraft:iron_golem":2,"minecraft:creeper":15,"minecraft:sheep":32,"minecraft:pillager":5,"minecraft:zombie":158,"minecraft:ghast":1,"minecraft:cow":37,"minecraft:evoker":1,"minecraft:vindicator":4,"minecraft:horse":3,"minecraft:squid":1,"minecraft:enderman":2},"minecraft:picked_up":{"minecraft:seagrass":2,"minecraft:iron_chestplate":6,"minecraft:wheat":401,"minecraft:golden_sword":4,"minecraft:amethyst_block":136,"minecraft:polished_deepslate":127,"minecraft:string":23,"minecraft:raw_copper":58,"minecraft:cooked_salmon":1,"minecraft:iron_leggings":5,"minecraft:armor_stand":5,"minecraft:shroomlight":2,"minecraft:gold_nugget":105,"minecraft:cobbled_deepslate":571,"minecraft:spruce_planks":7,"minecraft:calcite":1,"minecraft:azalea":4,"minecraft:iron_pickaxe":3,"minecraft:iron_boots":7,"minecraft:furnace":8,"minecraft:stick":58,"minecraft:big_dripleaf":16,"minecraft:oak_fence":1,"minecraft:torch":81,"minecraft:spruce_stairs":2,"minecraft:porkchop":74,"minecraft:diorite":45,"minecraft:quartz_block":23,"minecraft:rotten_flesh":218,"minecraft:tropical_fish":8,"minecraft:bookshelf":6,"minecraft:obsidian":4,"minecraft:cod":6,"minecraft:cobblestone":280,"minecraft:leather_chestplate":1,"minecraft:feather":20,"minecraft:cooked_beef":2,"minecraft:water_bucket":4,"minecraft:andesite":14,"minecraft:potato":300,"minecraft:flint":3,"minecraft:tuff":23,"minecraft:dirt":21,"minecraft:map":3,"minecraft:lapis_lazuli":504,"minecraft:name_tag":1,"minecraft:twisting_vines":2,"minecraft:bone":80,"minecraft:bow":5,"minecraft:wheat_seeds":1435,"minecraft:raw_gold":107,"minecraft:bell":1,"minecraft:grindstone":1,"minecraft:glowstone_dust":70,"minecraft:moss_block":6,"minecraft:oak_planks":5,"minecraft:music_disc_13":1,"minecraft:warped_wart_block":4,"minecraft:poisonous_potato":8,"minecraft:jungle_planks":2,"minecraft:sand":58,"minecraft:ink_sac":5,"minecraft:loom":2,"minecraft:mossy_cobblestone":19,"minecraft:spruce_fence_gate":1,"minecraft:diamond":60,"minecraft:spruce_boat":3,"minecraft:granite":95,"minecraft:emerald":4,"minecraft:bread":34,"minecraft:netherrack":638,"minecraft:bricks":10,"minecraft:diamond_pickaxe":4,"minecraft:crafting_table":9,"minecraft:chicken":10,"minecraft:ladder":12,"minecraft:clay_ball":130,"minecraft:brown_mushroom":2,"minecraft:shield":3,"minecraft:moss_carpet":10,"minecraft:iron_axe":3,"minecraft:flint_and_steel":1,"minecraft:blackstone":1,"minecraft:cartography_table":1,"minecraft:beef":84,"minecraft:light_gray_wool":1,"minecraft:poppy":6,"minecraft:spruce_slab":13,"minecraft:lectern":2,"minecraft:sugar_cane":186,"minecraft:chest":9,"minecraft:spruce_trapdoor":64,"minecraft:phantom_membrane":2,"minecraft:raw_iron":312,"minecraft:sandstone":330,"minecraft:oak_door":3,"minecraft:spruce_fence":1,"minecraft:carrot":15,"minecraft:redstone":965,"minecraft:iron_horse_armor":1,"minecraft:arrow":94,"minecraft:beetroot_seeds":4,"minecraft:sandstone_stairs":31,"minecraft:saddle":1,"minecraft:totem_of_undying":1,"minecraft:glow_berries":1,"minecraft:mutton":53,"minecraft:white_wool":35,"minecraft:basalt":107,"minecraft:glow_ink_sac":4,"minecraft:salmon":8,"minecraft:leather":42,"minecraft:filled_map":1,"minecraft:oak_log":4,"minecraft:gunpowder":21,"minecraft:blue_bed":3,"minecraft:paper":96,"minecraft:cooked_mutton":3,"minecraft:red_carpet":1,"minecraft:apple":8,"minecraft:kelp":10,"minecraft:warped_stem":16,"minecraft:spore_blossom":1,"minecraft:iron_ingot":8,"minecraft:stone_pickaxe":1,"minecraft:cooked_chicken":1,"minecraft:glass_bottle":4,"minecraft:iron_sword":4,"minecraft:book":73,"minecraft:warped_fungus":16,"minecraft:sweet_berries":460,"minecraft:quartz":98,"minecraft:dandelion":3,"minecraft:gravel":3,"minecraft:amethyst_shard":36,"minecraft:spruce_sapling":19,"minecraft:blast_furnace":2,"minecraft:spruce_log":114,"minecraft:spider_eye":15,"minecraft:spruce_door":1,"minecraft:pumpkin_seeds":9,"minecraft:purple_bed":2,"minecraft:iron_helmet":5,"minecraft:gray_wool":5,"minecraft:warped_roots":12,"minecraft:black_wool":1,"minecraft:baked_potato":5,"minecraft:coal":174,"minecraft:ender_pearl":1}},"DataVersion":2975}