{"stats":{"minecraft:used":{"minecraft:wheat_seeds":10,"minecraft:stone_pickaxe":24,"minecraft:shield":64,"minecraft:rotten_flesh":1,"minecraft:torch":22,"minecraft:tuff":5,"minecraft:iron_axe":2,"minecraft:bread":11,"minecraft:iron_pickaxe":254,"minecraft:gravel":5,"minecraft:cooked_porkchop":1,"minecraft:cooked_beef":1,"minecraft:cobbled_deepslate":1},"minecraft:custom":{"minecraft:interact_with_furnace":1,"minecraft:mob_kills":6,"minecraft:interact_with_cartography_table":2,"minecraft:leave_game":3,"minecraft:time_since_death":2546,"minecraft:sleep_in_bed":1,"minecraft:climb_one_cm":1000,"minecraft:time_since_rest":2566,"minecraft:sprint_one_cm":199723,"minecraft:damage_taken":2889,"minecraft:walk_one_cm":338750,"minecraft:damage_blocked_by_shield":1970,"minecraft:drop":12,"minecraft:damage_dealt":2061,"minecraft:swim_one_cm":1660,"minecraft:fly_one_cm":34648,"minecraft:open_chest":27,"minecraft:crouch_one_cm":2940,"minecraft:play_time":78499,"minecraft:deaths":8,"minecraft:sneak_time":1993,"minecraft:walk_under_water_one_cm":4115,"minecraft:jump":395,"minecraft:walk_on_water_one_cm":15116,"minecraft:total_world_time":78499,"minecraft:fall_one_cm":10046},"minecraft:killed_by":{"minecraft:player":1,"minecraft:wolf":3,"minecraft:zombie":1,"minecraft:enderman":1},"minecraft:broken":{"minecraft:shield":1},"minecraft:mined":{"minecraft:deepslate_redstone_ore":11,"minecraft:tuff":14,"minecraft:mossy_cobblestone":1,"minecraft:deepslate_diamond_ore":1,"minecraft:clay":1,"minecraft:glow_lichen":2,"minecraft:torch":3,"minecraft:spruce_leaves":2,"minecraft:deepslate_gold_ore":2,"minecraft:sugar_cane":1,"minecraft:wall_torch":2,"minecraft:deepslate_copper_ore":9,"minecraft:gravel":10,"minecraft:deepslate":142},"minecraft:picked_up":{"minecraft:iron_chestplate":2,"minecraft:clay_ball":24,"minecraft:flint":1,"minecraft:tuff":13,"minecraft:shield":3,"minecraft:gunpowder":2,"minecraft:string":7,"minecraft:iron_axe":3,"minecraft:raw_copper":66,"minecraft:iron_leggings":3,"minecraft:wheat_seeds":15,"minecraft:cobbled_deepslate":165,"minecraft:raw_gold":2,"minecraft:spruce_planks":1,"minecraft:stone_pickaxe":1,"minecraft:iron_pickaxe":4,"minecraft:iron_sword":1,"minecraft:iron_boots":2,"minecraft:cooked_porkchop":3,"minecraft:sweet_berries":4,"minecraft:torch":11,"minecraft:axolotl_bucket":1,"minecraft:gravel":6,"minecraft:redstone":98,"minecraft:spider_eye":9,"minecraft:mossy_cobblestone":1,"minecraft:arrow":4,"minecraft:rotten_flesh":12,"minecraft:iron_helmet":3,"minecraft:bread":145,"minecraft:diamond_pickaxe":1},"minecraft:killed":{"minecraft:spider":2,"minecraft:zombie":4},"minecraft:dropped":{"minecraft:bread":32,"minecraft:iron_sword":1,"minecraft:sweet_berries":2,"minecraft:iron_helmet":1,"minecraft:clay_ball":12,"minecraft:shield":1,"minecraft:spruce_planks":1,"minecraft:diamond_pickaxe":1,"minecraft:iron_leggings":1,"minecraft:spider_eye":3,"minecraft:iron_axe":1}},"DataVersion":2975}