{"stats":{"minecraft:broken":{"minecraft:iron_shovel":1,"minecraft:wooden_shovel":2,"minecraft:iron_axe":2,"minecraft:iron_pickaxe":1,"minecraft:iron_helmet":1},"minecraft:killed":{"minecraft:vex":1,"minecraft:zombified_piglin":1,"minecraft:witch":3,"minecraft:vindicator":2,"minecraft:spider":5,"minecraft:phantom":2,"minecraft:skeleton":11,"minecraft:fox":1,"minecraft:chicken":5,"minecraft:drowned":2,"minecraft:turtle":1,"minecraft:tropical_fish":1,"minecraft:pig":8,"minecraft:zombie_villager":1,"minecraft:salmon":2,"minecraft:ravager":2,"minecraft:creeper":12,"minecraft:sheep":8,"minecraft:pillager":7,"minecraft:zombie":29,"minecraft:glow_squid":1,"minecraft:cow":35},"minecraft:killed_by":{"minecraft:vindicator":1,"minecraft:vex":1},"minecraft:picked_up":{"minecraft:seagrass":3,"minecraft:iron_chestplate":3,"minecraft:wheat":105,"minecraft:chicken":3,"minecraft:clay_ball":12,"minecraft:brown_mushroom":11,"minecraft:stone_brick_stairs":1,"minecraft:golden_sword":1,"minecraft:shield":4,"minecraft:amethyst_block":8,"minecraft:moss_carpet":1,"minecraft:polished_deepslate":6,"minecraft:string":5,"minecraft:raw_copper":92,"minecraft:iron_axe":2,"minecraft:flint_and_steel":3,"minecraft:iron_leggings":3,"minecraft:iron_shovel":3,"minecraft:gold_nugget":1,"minecraft:cartography_table":1,"minecraft:smooth_stone":5,"minecraft:cobbled_deepslate":68,"minecraft:spruce_planks":9,"minecraft:beef":84,"minecraft:redstone_torch":1,"minecraft:azalea":1,"minecraft:iron_pickaxe":6,"minecraft:chest":7,"minecraft:sugar_cane":627,"minecraft:phantom_membrane":1,"minecraft:iron_boots":3,"minecraft:furnace":2,"minecraft:stick":3,"minecraft:raw_iron":8,"minecraft:sandstone":266,"minecraft:big_dripleaf":1,"minecraft:torch":193,"minecraft:spruce_fence":12,"minecraft:porkchop":18,"minecraft:diorite":4,"minecraft:redstone":193,"minecraft:arrow":25,"minecraft:rotten_flesh":33,"minecraft:gold_ingot":2,"minecraft:saddle":2,"minecraft:glow_berries":31,"minecraft:mutton":14,"minecraft:cobblestone":143,"minecraft:white_wool":19,"minecraft:glow_ink_sac":2,"minecraft:cooked_beef":17,"minecraft:feather":14,"minecraft:water_bucket":1,"minecraft:salmon":4,"minecraft:leather":44,"minecraft:smoker":4,"minecraft:potato":7,"minecraft:tuff":1,"minecraft:gunpowder":12,"minecraft:cobblestone_stairs":3,"minecraft:lapis_lazuli":29,"minecraft:dirt":206,"minecraft:white_banner":7,"minecraft:cooked_mutton":1,"minecraft:bone":13,"minecraft:kelp":8,"minecraft:wheat_seeds":366,"minecraft:raw_gold":15,"minecraft:grindstone":2,"minecraft:iron_ingot":23,"minecraft:glass_bottle":2,"minecraft:iron_sword":1,"minecraft:sweet_berries":282,"minecraft:gravel":1,"minecraft:lava_bucket":2,"minecraft:sand":349,"minecraft:spruce_sapling":8,"minecraft:spruce_log":73,"minecraft:spruce_door":1,"minecraft:spider_eye":1,"minecraft:mossy_cobblestone":15,"minecraft:diamond":5,"minecraft:spruce_boat":4,"minecraft:polished_diorite":1,"minecraft:stone_axe":1,"minecraft:iron_helmet":3,"minecraft:granite":16,"minecraft:gray_wool":1,"minecraft:emerald":6,"minecraft:baked_potato":7,"minecraft:coal":320,"minecraft:hopper":3,"minecraft:diamond_pickaxe":1},"minecraft:dropped":{"minecraft:iron_ingot":13,"minecraft:iron_sword":1,"minecraft:brown_mushroom":11,"minecraft:wheat_seeds":10,"minecraft:glow_ink_sac":2,"minecraft:feather":14,"minecraft:leather":1,"minecraft:dirt":20,"minecraft:gray_wool":1,"minecraft:torch":82,"minecraft:seagrass":3,"minecraft:sand":1,"minecraft:iron_pickaxe":2,"minecraft:white_wool":18,"minecraft:bucket":1,"minecraft:spruce_sapling":1,"minecraft:gold_ingot":4,"minecraft:moss_carpet":1,"minecraft:kelp":8,"minecraft:sweet_berries":10,"minecraft:raw_copper":20,"minecraft:stone_shovel":1,"minecraft:rotten_flesh":1,"minecraft:salmon":4,"minecraft:flint_and_steel":2,"minecraft:big_dripleaf":1,"minecraft:potato":8,"minecraft:spruce_boat":2,"minecraft:stone":1,"minecraft:shield":1,"minecraft:gunpowder":4,"minecraft:oak_button":1,"minecraft:spruce_trapdoor":64,"minecraft:spruce_planks":1,"minecraft:diamond_pickaxe":1,"minecraft:azalea":1,"minecraft:ladder":1,"minecraft:golden_sword":1,"minecraft:arrow":10},"minecraft:mined":{"minecraft:tuff":7,"minecraft:mossy_cobblestone":9,"minecraft:deepslate_diamond_ore":5,"minecraft:cobblestone_stairs":3,"minecraft:granite":15,"minecraft:glow_lichen":3,"minecraft:cave_vines_plant":24,"minecraft:grass_block":95,"minecraft:spruce_fence":1,"minecraft:polished_diorite":1,"minecraft:spruce_leaves":39,"minecraft:hopper":3,"minecraft:cartography_table":1,"minecraft:sandstone":237,"minecraft:large_fern":30,"minecraft:smooth_stone":5,"minecraft:furnace":2,"minecraft:cobbled_deepslate":14,"minecraft:fire":1,"minecraft:deepslate_lapis_ore":4,"minecraft:polished_deepslate":4,"minecraft:cave_vines":32,"minecraft:potatoes":1,"minecraft:deepslate_iron_ore":8,"minecraft:azalea":1,"minecraft:stone":46,"minecraft:podzol":1,"minecraft:deepslate_redstone_ore":51,"minecraft:brown_mushroom":12,"minecraft:smoker":4,"minecraft:observer":1,"minecraft:clay":3,"minecraft:torch":18,"minecraft:chest":7,"minecraft:tall_grass":6,"minecraft:copper_ore":20,"minecraft:cobblestone":2,"minecraft:deepslate_gold_ore":15,"minecraft:grindstone":2,"minecraft:sugar_cane":511,"minecraft:wall_torch":11,"minecraft:big_dripleaf":1,"minecraft:deepslate_copper_ore":6,"minecraft:sweet_berry_bush":50,"minecraft:wheat":128,"minecraft:spruce_log":73,"minecraft:stone_brick_stairs":1,"minecraft:grass":43,"minecraft:coal_ore":21,"minecraft:gravel":1,"minecraft:sand":290,"minecraft:dirt":100,"minecraft:dispenser":1,"minecraft:oak_leaves":5,"minecraft:deepslate":52,"minecraft:fern":53},"minecraft:crafted":{"minecraft:stone_shovel":1,"minecraft:cobblestone_stairs":56,"minecraft:spruce_fence":18,"minecraft:iron_axe":2,"minecraft:spruce_slab":42,"minecraft:chest":13,"minecraft:stone_hoe":1,"minecraft:smoker":1,"minecraft:cooked_beef":3,"minecraft:cooked_porkchop":2,"minecraft:spruce_planks":280,"minecraft:iron_sword":1,"minecraft:bucket":1,"minecraft:bread":39,"minecraft:air":0,"minecraft:stick":28,"minecraft:iron_ingot":18,"minecraft:iron_pickaxe":1,"minecraft:torch":60},"minecraft:custom":{"minecraft:mob_kills":141,"minecraft:animals_bred":19,"minecraft:inspect_hopper":3,"minecraft:interact_with_crafting_table":30,"minecraft:bell_ring":42,"minecraft:leave_game":9,"minecraft:time_since_death":353545,"minecraft:climb_one_cm":7991,"minecraft:sprint_one_cm":1306927,"minecraft:walk_one_cm":1296684,"minecraft:damage_blocked_by_shield":130,"minecraft:drop":69,"minecraft:raid_win":1,"minecraft:play_time":512475,"minecraft:deaths":3,"minecraft:sneak_time":6809,"minecraft:walk_under_water_one_cm":17448,"minecraft:boat_one_cm":119470,"minecraft:jump":5675,"minecraft:interact_with_blast_furnace":16,"minecraft:walk_on_water_one_cm":94837,"minecraft:total_world_time":512475,"minecraft:interact_with_furnace":43,"minecraft:interact_with_grindstone":1,"minecraft:sleep_in_bed":4,"minecraft:time_since_rest":106137,"minecraft:damage_taken":4038,"minecraft:damage_dealt":24134,"minecraft:player_kills":7,"minecraft:swim_one_cm":45223,"minecraft:fly_one_cm":1420182,"minecraft:open_chest":267,"minecraft:crouch_one_cm":12154,"minecraft:interact_with_smoker":63,"minecraft:fall_one_cm":119361,"minecraft:inspect_dispenser":5},"minecraft:used":{"minecraft:oak_fence":10,"minecraft:oak_trapdoor":4,"minecraft:polished_deepslate":152,"minecraft:iron_shovel":270,"minecraft:spruce_slab":38,"minecraft:stone_shovel":122,"minecraft:dispenser":4,"minecraft:redstone":16,"minecraft:ladder":6,"minecraft:chest":34,"minecraft:spruce_planks":102,"minecraft:shield":4,"minecraft:iron_sword":240,"minecraft:stone":433,"minecraft:wooden_shovel":40,"minecraft:stone_hoe":142,"minecraft:iron_chestplate":3,"minecraft:torch":142,"minecraft:dirt":354,"minecraft:anvil":1,"minecraft:mutton":1,"minecraft:hopper":31,"minecraft:spruce_stairs":1,"minecraft:axolotl_bucket":1,"minecraft:spruce_fence":114,"minecraft:oak_fence_gate":2,"minecraft:spruce_boat":2,"minecraft:glass":12,"minecraft:iron_hoe":48,"minecraft:grass_block":699,"minecraft:lantern":10,"minecraft:iron_axe":451,"minecraft:iron_helmet":3,"minecraft:iron_boots":3,"minecraft:stone_brick_stairs":2,"minecraft:repeater":9,"minecraft:sweet_berries":107,"minecraft:furnace":8,"minecraft:stone_pressure_plate":1,"minecraft:cooked_beef":16,"minecraft:potato":76,"minecraft:cobbled_deepslate":262,"minecraft:observer":2,"minecraft:iron_leggings":2,"minecraft:wheat_seeds":255,"minecraft:cooked_mutton":1,"minecraft:water_bucket":71,"minecraft:cow_spawn_egg":60,"minecraft:cobblestone_stairs":44,"minecraft:spruce_door":4,"minecraft:baked_potato":7,"minecraft:sandstone":81,"minecraft:spruce_fence_gate":16,"minecraft:sugar_cane":127,"minecraft:mossy_cobblestone":15,"minecraft:sand":407,"minecraft:crafting_table":2,"minecraft:blast_furnace":4,"minecraft:spruce_log":9,"minecraft:smoker":14,"minecraft:redstone_torch":12,"minecraft:oak_log":158,"minecraft:lever":2,"minecraft:command_block":16,"minecraft:bread":37,"minecraft:stone_button":1,"minecraft:oak_button":2,"minecraft:iron_pickaxe":569,"minecraft:spruce_trapdoor":54,"minecraft:cobblestone":89,"minecraft:andesite":45,"minecraft:bucket":76,"minecraft:smooth_stone":71}},"DataVersion":2975}