{"stats":{"minecraft:broken":{"minecraft:wooden_shovel":1,"minecraft:golden_sword":1,"minecraft:stone_axe":3,"minecraft:wooden_axe":1},"minecraft:killed":{"minecraft:zombified_piglin":1,"minecraft:horse":2,"minecraft:skeleton":6,"minecraft:chicken":1,"minecraft:drowned":1,"minecraft:pig":2,"minecraft:iron_golem":1,"minecraft:creeper":2,"minecraft:sheep":4,"minecraft:zombie":8,"minecraft:cow":4},"minecraft:killed_by":{"minecraft:player":24,"minecraft:creeper":1,"minecraft:iron_golem":3,"minecraft:skeleton":1,"minecraft:zombie":1},"minecraft:picked_up":{"minecraft:wooden_axe":1,"minecraft:charcoal":1,"minecraft:iron_chestplate":1,"minecraft:wheat":197,"minecraft:azure_bluet":1,"minecraft:ladder":2,"minecraft:chicken":1,"minecraft:clay_ball":4,"minecraft:brown_mushroom":12,"minecraft:wooden_pickaxe":3,"minecraft:raw_copper":40,"minecraft:cooked_salmon":10,"minecraft:shield":8,"minecraft:golden_sword":3,"minecraft:iron_axe":2,"minecraft:flint_and_steel":5,"minecraft:iron_leggings":1,"minecraft:cartography_table":1,"minecraft:gold_nugget":15,"minecraft:cobbled_deepslate":49,"minecraft:bucket":1,"minecraft:spruce_planks":152,"minecraft:beef":18,"minecraft:azalea":6,"minecraft:wooden_shovel":1,"minecraft:poppy":2,"minecraft:iron_pickaxe":10,"minecraft:sugar_cane":1200,"minecraft:iron_boots":9,"minecraft:stick":3,"minecraft:raw_iron":20,"minecraft:sandstone":86,"minecraft:big_dripleaf":3,"minecraft:torch":82,"minecraft:spruce_stairs":13,"minecraft:porkchop":3,"minecraft:diorite":1,"minecraft:carrot":15,"minecraft:quartz_block":23,"minecraft:arrow":6,"minecraft:rotten_flesh":23,"minecraft:tropical_fish":2,"minecraft:hay_block":6,"minecraft:sandstone_stairs":2,"minecraft:gold_ingot":4,"minecraft:mutton":9,"minecraft:glow_berries":1,"minecraft:obsidian":1,"minecraft:white_wool":22,"minecraft:cobblestone":110,"minecraft:cooked_beef":62,"minecraft:feather":8,"minecraft:basalt":13,"minecraft:salmon":4,"minecraft:glow_ink_sac":2,"minecraft:leather":7,"minecraft:potato":374,"minecraft:crimson_fungus":1,"minecraft:tuff":4,"minecraft:lily_pad":3,"minecraft:map":6,"minecraft:lapis_lazuli":54,"minecraft:dirt":51,"minecraft:blue_bed":1,"minecraft:twisting_vines":2,"minecraft:cooked_mutton":49,"minecraft:bone":9,"minecraft:apple":24,"minecraft:bow":3,"minecraft:wheat_seeds":492,"minecraft:raw_gold":22,"minecraft:warped_stem":2,"minecraft:iron_ingot":24,"minecraft:stone_pickaxe":2,"minecraft:cooked_chicken":1,"minecraft:glowstone_dust":17,"minecraft:iron_sword":9,"minecraft:flowering_azalea":3,"minecraft:book":12,"minecraft:warped_fungus":3,"minecraft:cooked_porkchop":12,"minecraft:sweet_berries":297,"minecraft:dandelion":5,"minecraft:quartz":16,"minecraft:axolotl_bucket":2,"minecraft:poisonous_potato":2,"minecraft:sand":100,"minecraft:spruce_sapling":10,"minecraft:ink_sac":2,"minecraft:blast_furnace":1,"minecraft:spruce_log":303,"minecraft:spruce_door":5,"minecraft:pumpkin_seeds":9,"minecraft:purple_bed":5,"minecraft:diamond":1,"minecraft:spruce_boat":8,"minecraft:stone_axe":2,"minecraft:granite":7,"minecraft:gray_wool":4,"minecraft:warped_roots":1,"minecraft:bread":19,"minecraft:baked_potato":6,"minecraft:netherrack":80,"minecraft:coal":41,"minecraft:bricks":2,"minecraft:seagrass":1},"minecraft:dropped":{"minecraft:stone_hoe":1,"minecraft:iron_ingot":3,"minecraft:wheat_seeds":19,"minecraft:lapis_lazuli":54,"minecraft:glow_ink_sac":2,"minecraft:cooked_porkchop":1,"minecraft:book":12,"minecraft:poisonous_potato":2,"minecraft:cobblestone":26,"minecraft:leather":2,"minecraft:spruce_stairs":41,"minecraft:coal":22,"minecraft:stick":5,"minecraft:dirt":8,"minecraft:lava_bucket":3,"minecraft:ink_sac":2,"minecraft:seagrass":1,"minecraft:map":1,"minecraft:gold_nugget":15,"minecraft:flowering_azalea":2,"minecraft:iron_pickaxe":1,"minecraft:bucket":1,"minecraft:white_wool":11,"minecraft:spruce_sapling":2,"minecraft:dandelion":4,"minecraft:bone":3,"minecraft:bricks":1,"minecraft:sweet_berries":2,"minecraft:sugar_cane":2,"minecraft:cobbled_deepslate":27,"minecraft:tuff":1,"minecraft:raw_iron":13,"minecraft:rotten_flesh":17,"minecraft:clay_ball":4,"minecraft:iron_boots":2,"minecraft:glowstone_dust":4,"minecraft:azure_bluet":1,"minecraft:poppy":1,"minecraft:shield":2,"minecraft:spruce_planks":49,"minecraft:azalea":3,"minecraft:wooden_shovel":1,"minecraft:golden_sword":1,"minecraft:spruce_log":16,"minecraft:bow":2,"minecraft:arrow":6,"minecraft:wooden_pickaxe":5,"minecraft:raw_gold":22},"minecraft:mined":{"minecraft:nether_gold_ore":2,"minecraft:tuff":4,"minecraft:spruce_planks":28,"minecraft:mossy_cobblestone":6,"minecraft:ladder":1,"minecraft:obsidian":3,"minecraft:glow_lichen":1,"minecraft:cave_vines_plant":3,"minecraft:granite":1,"minecraft:grass_block":16,"minecraft:spruce_leaves":50,"minecraft:cartography_table":1,"minecraft:crimson_fungus":1,"minecraft:sandstone":87,"minecraft:large_fern":18,"minecraft:hay_block":3,"minecraft:tall_seagrass":10,"minecraft:carrots":4,"minecraft:fire":20,"minecraft:iron_ore":24,"minecraft:cobbled_deepslate":16,"minecraft:deepslate_lapis_ore":8,"minecraft:azure_bluet":1,"minecraft:big_dripleaf_stem":1,"minecraft:twisting_vines":1,"minecraft:bookshelf":2,"minecraft:potatoes":109,"minecraft:cave_vines":1,"minecraft:deepslate_iron_ore":1,"minecraft:warped_stem":2,"minecraft:azalea":7,"minecraft:stone":88,"minecraft:flowering_azalea":5,"minecraft:brown_mushroom":1,"minecraft:glass_pane":2,"minecraft:kelp_plant":8,"minecraft:twisting_vines_plant":4,"minecraft:basalt":34,"minecraft:spruce_door":3,"minecraft:dandelion":6,"minecraft:torch":27,"minecraft:blast_furnace":1,"minecraft:warped_roots":1,"minecraft:dead_bush":1,"minecraft:cobblestone":10,"minecraft:glass":6,"minecraft:nether_quartz_ore":26,"minecraft:tall_grass":29,"minecraft:deepslate_gold_ore":23,"minecraft:sugar_cane":658,"minecraft:bricks":6,"minecraft:wall_torch":18,"minecraft:blue_bed":1,"minecraft:spruce_stairs":12,"minecraft:seagrass":3,"minecraft:purple_bed":4,"minecraft:warped_nylium":4,"minecraft:wheat":205,"minecraft:sweet_berry_bush":39,"minecraft:birch_leaves":2,"minecraft:spruce_log":314,"minecraft:pumpkin_stem":6,"minecraft:warped_fungus":4,"minecraft:grass":146,"minecraft:coal_ore":40,"minecraft:sand":115,"minecraft:dirt":6,"minecraft:small_dripleaf":1,"minecraft:netherrack":119,"minecraft:oak_leaves":1,"minecraft:deepslate":37,"minecraft:fern":14},"minecraft:crafted":{"minecraft:cooked_chicken":1,"minecraft:cooked_mutton":2,"minecraft:flint_and_steel":1,"minecraft:glass":21,"minecraft:spruce_stairs":44,"minecraft:chest":2,"minecraft:cooked_beef":16,"minecraft:wooden_shovel":2,"minecraft:crafting_table":1,"minecraft:spruce_planks":162,"minecraft:spruce_door":3,"minecraft:bucket":3,"minecraft:stone_axe":4,"minecraft:wooden_hoe":2,"minecraft:charcoal":2,"minecraft:paper":1554,"minecraft:stick":74,"minecraft:wooden_axe":1,"minecraft:sandstone_stairs":36},"minecraft:custom":{"minecraft:mob_kills":33,"minecraft:animals_bred":15,"minecraft:interact_with_crafting_table":41,"minecraft:bell_ring":51,"minecraft:leave_game":12,"minecraft:climb_one_cm":2084,"minecraft:time_since_death":2528,"minecraft:sprint_one_cm":998007,"minecraft:walk_one_cm":883549,"minecraft:damage_blocked_by_shield":245,"minecraft:drop":141,"minecraft:talked_to_villager":6,"minecraft:play_time":360125,"minecraft:deaths":44,"minecraft:sneak_time":10818,"minecraft:walk_under_water_one_cm":41370,"minecraft:boat_one_cm":368437,"minecraft:jump":9085,"minecraft:interact_with_blast_furnace":9,"minecraft:walk_on_water_one_cm":107293,"minecraft:total_world_time":360125,"minecraft:interact_with_furnace":69,"minecraft:interact_with_cartography_table":2,"minecraft:interact_with_loom":1,"minecraft:interact_with_grindstone":1,"minecraft:sleep_in_bed":11,"minecraft:time_since_rest":2548,"minecraft:damage_taken":12163,"minecraft:damage_dealt":7946,"minecraft:swim_one_cm":149219,"minecraft:fly_one_cm":1787968,"minecraft:player_kills":5,"minecraft:open_chest":297,"minecraft:crouch_one_cm":28746,"minecraft:interact_with_smoker":14,"minecraft:fall_one_cm":222187,"minecraft:horse_one_cm":21381},"minecraft:used":{"minecraft:azalea":3,"minecraft:flint_and_steel":20,"minecraft:ladder":1,"minecraft:chest":2,"minecraft:spruce_planks":54,"minecraft:shield":4,"minecraft:iron_sword":122,"minecraft:cooked_salmon":1,"minecraft:cooked_chicken":2,"minecraft:wooden_shovel":59,"minecraft:rotten_flesh":2,"minecraft:stone_hoe":44,"minecraft:netherrack":74,"minecraft:torch":40,"minecraft:dirt":49,"minecraft:spruce_stairs":16,"minecraft:twisting_vines":2,"minecraft:axolotl_bucket":1,"minecraft:big_dripleaf":3,"minecraft:glass":44,"minecraft:spruce_boat":6,"minecraft:wooden_axe":69,"minecraft:flowering_azalea":1,"minecraft:lava_bucket":1,"minecraft:bricks":1,"minecraft:iron_axe":3,"minecraft:quartz_block":3,"minecraft:iron_boots":5,"minecraft:golden_sword":10,"minecraft:sweet_berries":116,"minecraft:cooked_beef":5,"minecraft:potato":112,"minecraft:cobbled_deepslate":15,"minecraft:wheat_seeds":108,"minecraft:cooked_mutton":4,"minecraft:water_bucket":19,"minecraft:sandstone_stairs":10,"minecraft:spruce_door":6,"minecraft:stone_pickaxe":6,"minecraft:baked_potato":6,"minecraft:cartography_table":1,"minecraft:wooden_pickaxe":10,"minecraft:sandstone":30,"minecraft:sugar_cane":34,"minecraft:blue_bed":1,"minecraft:sand":11,"minecraft:blast_furnace":1,"minecraft:crafting_table":1,"minecraft:spruce_log":21,"minecraft:wooden_hoe":18,"minecraft:diamond_pickaxe":4,"minecraft:apple":10,"minecraft:bread":13,"minecraft:iron_pickaxe":534,"minecraft:spruce_sapling":8,"minecraft:stone_axe":376,"minecraft:cobblestone":68,"minecraft:purple_bed":3,"minecraft:cooked_porkchop":13,"minecraft:bucket":24,"minecraft:gray_wool":1,"minecraft:dandelion":1}},"DataVersion":2975}