{"stats":{"minecraft:used":{"minecraft:moss_carpet":1,"minecraft:iron_shovel":179,"minecraft:polished_deepslate":185,"minecraft:spruce_slab":28,"minecraft:ladder":1,"minecraft:chest":20,"minecraft:shield":61,"minecraft:iron_sword":503,"minecraft:rotten_flesh":6,"minecraft:iron_chestplate":3,"minecraft:carrot":1,"minecraft:tuff":70,"minecraft:axolotl_bucket":15,"minecraft:stripped_spruce_log":18,"minecraft:big_dripleaf":11,"minecraft:spruce_boat":1,"minecraft:bricks":7,"minecraft:iron_helmet":3,"minecraft:bow":1,"minecraft:sweet_berries":119,"minecraft:furnace":10,"minecraft:potato":100,"minecraft:diorite":1,"minecraft:spruce_door":9,"minecraft:stone_pickaxe":136,"minecraft:wooden_pickaxe":19,"minecraft:sandstone":1,"minecraft:blue_bed":5,"minecraft:sugar_cane":38,"minecraft:glow_berries":4,"minecraft:sand":41,"minecraft:bread":80,"minecraft:gravel":3,"minecraft:grindstone":1,"minecraft:azalea":1,"minecraft:enchanting_table":1,"minecraft:tropical_fish":3,"minecraft:stone_shovel":9,"minecraft:spruce_planks":428,"minecraft:wooden_shovel":137,"minecraft:cooked_salmon":1,"minecraft:cooked_chicken":13,"minecraft:torch":198,"minecraft:dirt":20,"minecraft:anvil":2,"minecraft:spruce_stairs":289,"minecraft:spruce_fence":11,"minecraft:iron_hoe":37,"minecraft:wooden_axe":41,"minecraft:flowering_azalea":3,"minecraft:bookshelf":15,"minecraft:iron_axe":667,"minecraft:iron_boots":2,"minecraft:cooked_beef":10,"minecraft:cobbled_deepslate":225,"minecraft:iron_leggings":2,"minecraft:wheat_seeds":257,"minecraft:cooked_mutton":14,"minecraft:water_bucket":91,"minecraft:baked_potato":4,"minecraft:mossy_cobblestone":31,"minecraft:crafting_table":21,"minecraft:spruce_log":181,"minecraft:flower_pot":5,"minecraft:diamond_pickaxe":1145,"minecraft:iron_pickaxe":726,"minecraft:spruce_pressure_plate":2,"minecraft:spruce_sapling":1,"minecraft:stone_axe":413,"minecraft:cobblestone":72,"minecraft:purple_bed":12,"minecraft:cooked_porkchop":21,"minecraft:white_banner":1,"minecraft:porkchop":3,"minecraft:bucket":119},"minecraft:dropped":{"minecraft:iron_sword":1,"minecraft:moss_block":6,"minecraft:baked_potato":4,"minecraft:diamond":2,"minecraft:cooked_porkchop":12,"minecraft:dirt":15,"minecraft:mutton":1,"minecraft:axolotl_bucket":4,"minecraft:sand":5,"minecraft:iron_pickaxe":9,"minecraft:bone":4,"minecraft:gravel":21,"minecraft:stone_axe":2,"minecraft:cobbled_deepslate":13,"minecraft:rotten_flesh":138,"minecraft:fern":1,"minecraft:gunpowder":6,"minecraft:charcoal":1,"minecraft:spruce_slab":7,"minecraft:arrow":2,"minecraft:beef":6,"minecraft:water_bucket":2,"minecraft:iron_ingot":3,"minecraft:bread":83,"minecraft:wheat_seeds":53,"minecraft:iron_helmet":2,"minecraft:cobblestone":205,"minecraft:granite":6,"minecraft:coal":1,"minecraft:stick":1,"minecraft:diorite":1,"minecraft:torch":44,"minecraft:wooden_axe":1,"minecraft:iron_leggings":3,"minecraft:iron_axe":3,"minecraft:iron_shovel":4,"minecraft:string":7,"minecraft:spruce_sapling":6,"minecraft:redstone":54,"minecraft:moss_carpet":4,"minecraft:sweet_berries":52,"minecraft:tuff":2,"minecraft:clay_ball":40,"minecraft:iron_boots":2,"minecraft:big_dripleaf":5,"minecraft:potato":11,"minecraft:spruce_boat":1,"minecraft:shield":4,"minecraft:flower_pot":1,"minecraft:spruce_planks":128,"minecraft:diamond_pickaxe":2,"minecraft:iron_chestplate":2,"minecraft:andesite":2,"minecraft:purple_bed":1,"minecraft:wooden_shovel":1,"minecraft:spider_eye":8,"minecraft:stone_pickaxe":4,"minecraft:wooden_pickaxe":1},"minecraft:mined":{"minecraft:spruce_planks":97,"minecraft:obsidian":14,"minecraft:cave_vines_plant":1,"minecraft:granite":69,"minecraft:grass_block":15,"minecraft:sandstone_stairs":2,"minecraft:tall_seagrass":2,"minecraft:cobbled_deepslate":160,"minecraft:iron_ore":114,"minecraft:fire":1,"minecraft:anvil":1,"minecraft:deepslate_lapis_ore":7,"minecraft:enchanting_table":1,"minecraft:cave_vines":5,"minecraft:azalea":1,"minecraft:spruce_slab":22,"minecraft:deepslate_redstone_ore":21,"minecraft:brown_mushroom":1,"minecraft:clay":113,"minecraft:torch":19,"minecraft:poppy":2,"minecraft:chest":11,"minecraft:cobblestone":40,"minecraft:oak_planks":10,"minecraft:sugar_cane":381,"minecraft:bricks":1,"minecraft:wall_torch":47,"minecraft:deepslate_copper_ore":3,"minecraft:wheat":185,"minecraft:potted_poppy":3,"minecraft:grass":1,"minecraft:oak_log":14,"minecraft:sand":241,"minecraft:dirt":48,"minecraft:oak_leaves":3,"minecraft:deepslate":412,"minecraft:tuff":94,"minecraft:mossy_cobblestone":59,"minecraft:deepslate_diamond_ore":7,"minecraft:ladder":1,"minecraft:spruce_fence":10,"minecraft:spruce_leaves":71,"minecraft:sandstone":315,"minecraft:large_fern":1,"minecraft:furnace":4,"minecraft:spruce_sapling":1,"minecraft:andesite":3,"minecraft:stripped_spruce_log":30,"minecraft:polished_deepslate":16,"minecraft:potatoes":4,"minecraft:vine":1,"minecraft:deepslate_iron_ore":114,"minecraft:stone":280,"minecraft:podzol":4,"minecraft:spruce_door":2,"minecraft:oak_fence":3,"minecraft:crafting_table":14,"minecraft:copper_ore":18,"minecraft:deepslate_gold_ore":33,"minecraft:lapis_ore":14,"minecraft:blue_bed":6,"minecraft:diorite":3,"minecraft:big_dripleaf":7,"minecraft:spruce_stairs":46,"minecraft:purple_bed":11,"minecraft:sweet_berry_bush":24,"minecraft:spruce_log":187,"minecraft:white_wall_banner":1,"minecraft:coal_ore":189,"minecraft:gravel":74,"minecraft:gold_ore":6,"minecraft:fern":3},"minecraft:broken":{"minecraft:wooden_shovel":1,"minecraft:stone_axe":5,"minecraft:iron_sword":2,"minecraft:stone_shovel":1,"minecraft:iron_axe":3,"minecraft:iron_pickaxe":1,"minecraft:iron_helmet":1},"minecraft:custom":{"minecraft:animals_bred":15,"minecraft:interact_with_crafting_table":231,"minecraft:bell_ring":6,"minecraft:leave_game":10,"minecraft:time_since_death":284359,"minecraft:sprint_one_cm":2036535,"minecraft:damage_blocked_by_shield":2790,"minecraft:drop":472,"minecraft:talked_to_villager":1,"minecraft:play_time":612124,"minecraft:deaths":28,"minecraft:jump":13454,"minecraft:walk_on_water_one_cm":144327,"minecraft:interact_with_furnace":315,"minecraft:interact_with_cartography_table":13,"minecraft:interact_with_loom":4,"minecraft:sleep_in_bed":19,"minecraft:damage_dealt":67926,"minecraft:player_kills":13,"minecraft:crouch_one_cm":149790,"minecraft:interact_with_smoker":28,"minecraft:mob_kills":422,"minecraft:interact_with_anvil":3,"minecraft:inspect_hopper":3,"minecraft:climb_one_cm":10584,"minecraft:walk_one_cm":1497583,"minecraft:raid_win":1,"minecraft:sneak_time":38663,"minecraft:walk_under_water_one_cm":120466,"minecraft:boat_one_cm":16834,"minecraft:interact_with_blast_furnace":39,"minecraft:total_world_time":612124,"minecraft:raid_trigger":1,"minecraft:pot_flower":4,"minecraft:interact_with_grindstone":1,"minecraft:time_since_rest":79342,"minecraft:damage_taken":11493,"minecraft:swim_one_cm":240321,"minecraft:fly_one_cm":2637976,"minecraft:open_chest":722,"minecraft:fall_one_cm":434304},"minecraft:crafted":{"minecraft:brick":111,"minecraft:oak_planks":52,"minecraft:cooked_chicken":5,"minecraft:bookshelf":21,"minecraft:spruce_pressure_plate":2,"minecraft:cooked_mutton":6,"minecraft:glass":24,"minecraft:iron_boots":6,"minecraft:chest":8,"minecraft:bricks":16,"minecraft:flower_pot":2,"minecraft:wooden_shovel":3,"minecraft:cooked_porkchop":32,"minecraft:crafting_table":8,"minecraft:spruce_planks":912,"minecraft:wooden_pickaxe":2,"minecraft:baked_potato":6,"minecraft:iron_helmet":6,"minecraft:spruce_door":3,"minecraft:copper_ingot":55,"minecraft:iron_chestplate":6,"minecraft:book":71,"minecraft:paper":471,"minecraft:diamond_pickaxe":1,"minecraft:charcoal":3,"minecraft:shield":6,"minecraft:stick":104,"minecraft:iron_ingot":251,"minecraft:iron_pickaxe":12,"minecraft:iron_block":3,"minecraft:gold_ingot":28,"minecraft:furnace":6,"minecraft:spruce_fence":12,"minecraft:spruce_stairs":204,"minecraft:polished_deepslate":212,"minecraft:iron_axe":9,"minecraft:ladder":3,"minecraft:spruce_slab":12,"minecraft:iron_hoe":1,"minecraft:stone_pickaxe":3,"minecraft:spruce_boat":2,"minecraft:lead":4,"minecraft:cooked_beef":22,"minecraft:enchanting_table":1,"minecraft:iron_sword":2,"minecraft:cooked_salmon":1,"minecraft:bucket":11,"minecraft:stone_axe":4,"minecraft:bread":61,"minecraft:air":0,"minecraft:wooden_axe":2,"minecraft:iron_shovel":3,"minecraft:iron_leggings":6,"minecraft:anvil":1,"minecraft:torch":40},"minecraft:killed_by":{"minecraft:ravager":1,"minecraft:drowned":1,"minecraft:vindicator":1,"minecraft:witch":1,"minecraft:vex":1,"minecraft:player":5,"minecraft:enderman":1,"minecraft:skeleton":1},"minecraft:killed":{"minecraft:zombified_piglin":3,"minecraft:witch":2,"minecraft:spider":28,"minecraft:skeleton":70,"minecraft:chicken":5,"minecraft:tropical_fish":1,"minecraft:pig":14,"minecraft:zombie_villager":4,"minecraft:salmon":1,"minecraft:creeper":11,"minecraft:sheep":5,"minecraft:pillager":12,"minecraft:zombie":218,"minecraft:glow_squid":3,"minecraft:cow":24,"minecraft:vex":1,"minecraft:vindicator":3,"minecraft:slime":6,"minecraft:phantom":2,"minecraft:enderman":1},"minecraft:picked_up":{"minecraft:wooden_axe":2,"minecraft:iron_chestplate":6,"minecraft:wheat":207,"minecraft:anvil":1,"minecraft:flower_pot":4,"minecraft:lead":2,"minecraft:polished_deepslate":13,"minecraft:string":33,"minecraft:raw_copper":126,"minecraft:iron_leggings":6,"minecraft:diamond_leggings":1,"minecraft:cobbled_deepslate":968,"minecraft:bucket":2,"minecraft:spruce_planks":219,"minecraft:wooden_shovel":1,"minecraft:azalea":1,"minecraft:iron_pickaxe":12,"minecraft:iron_boots":7,"minecraft:furnace":4,"minecraft:stick":55,"minecraft:big_dripleaf":16,"minecraft:oak_fence":2,"minecraft:torch":167,"minecraft:spruce_stairs":86,"minecraft:porkchop":47,"minecraft:diorite":2,"minecraft:rotten_flesh":272,"minecraft:tropical_fish":11,"minecraft:obsidian":14,"minecraft:cobblestone":573,"minecraft:enchanting_table":1,"minecraft:feather":2,"minecraft:cooked_beef":22,"minecraft:water_bucket":5,"minecraft:andesite":3,"minecraft:potato":122,"minecraft:flint":21,"minecraft:tuff":142,"minecraft:dirt":75,"minecraft:lapis_lazuli":369,"minecraft:name_tag":1,"minecraft:bone":73,"minecraft:bow":4,"minecraft:wheat_seeds":702,"minecraft:raw_gold":90,"minecraft:grindstone":2,"minecraft:diamond_helmet":1,"minecraft:moss_block":6,"minecraft:stone_hoe":1,"minecraft:oak_planks":44,"minecraft:cooked_porkchop":2,"minecraft:axolotl_bucket":3,"minecraft:poisonous_potato":2,"minecraft:sand":215,"minecraft:stripped_spruce_log":30,"minecraft:ink_sac":4,"minecraft:mossy_cobblestone":78,"minecraft:iron_hoe":1,"minecraft:diamond":9,"minecraft:lever":4,"minecraft:granite":69,"minecraft:emerald":8,"minecraft:bread":113,"minecraft:bricks":11,"minecraft:diamond_pickaxe":2,"minecraft:crafting_table":14,"minecraft:chicken":5,"minecraft:ladder":1,"minecraft:clay_ball":527,"minecraft:shield":9,"minecraft:iron_axe":4,"minecraft:moss_carpet":9,"minecraft:iron_shovel":6,"minecraft:blackstone":1,"minecraft:cartography_table":2,"minecraft:detector_rail":2,"minecraft:beef":22,"minecraft:spruce_slab":24,"minecraft:poppy":7,"minecraft:light_gray_wool":1,"minecraft:minecart":3,"minecraft:chest":16,"minecraft:sugar_cane":549,"minecraft:spruce_trapdoor":64,"minecraft:phantom_membrane":2,"minecraft:raw_iron":355,"minecraft:sandstone":252,"minecraft:spruce_fence":48,"minecraft:carrot":2,"minecraft:redstone":171,"minecraft:diamond_chestplate":1,"minecraft:arrow":93,"minecraft:stone_shovel":1,"minecraft:diamond_boots":1,"minecraft:sandstone_stairs":2,"minecraft:saddle":4,"minecraft:gold_ingot":3,"minecraft:glow_berries":4,"minecraft:mutton":7,"minecraft:rail":15,"minecraft:white_wool":4,"minecraft:glow_ink_sac":16,"minecraft:salmon":1,"minecraft:leather":7,"minecraft:oak_log":13,"minecraft:gunpowder":11,"minecraft:blue_bed":6,"minecraft:paper":1,"minecraft:white_banner":18,"minecraft:cooked_mutton":16,"minecraft:red_carpet":2,"minecraft:iron_ingot":41,"minecraft:stone_pickaxe":5,"minecraft:cooked_chicken":1,"minecraft:glass_bottle":8,"minecraft:iron_sword":1,"minecraft:flowering_azalea":3,"minecraft:sweet_berries":395,"minecraft:gravel":40,"minecraft:spruce_sapling":44,"minecraft:spruce_log":246,"minecraft:spider_eye":26,"minecraft:spruce_door":5,"minecraft:pumpkin_seeds":13,"minecraft:purple_bed":12,"minecraft:slime_ball":9,"minecraft:stone_axe":5,"minecraft:iron_helmet":5,"minecraft:baked_potato":2,"minecraft:coal":299,"minecraft:ender_pearl":2}},"DataVersion":2975}